﻿{"cameraMode":{"drawMode":0,"name":"Shaded","section":"Shading Mode"},"sceneLighting":true,"audioPlay":false,"sceneViewState":{"showFog":true,"showMaterialUpdate":false,"showSkybox":true,"showFlares":true,"showImageEffects":true,"showParticleSystems":true},"in2DMode":false,"pivot":{"x":0.08843708038330078,"y":0.6769943237304688,"z":-0.4681650698184967},"rotation":{"x":0.2621634006500244,"y":-0.6619530916213989,"z":0.2672496736049652,"w":0.6493582129478455},"size":15.157639503479004,"orthographic":false}