﻿{"cameraMode":{"drawMode":0,"name":"Shaded","section":"Shading Mode"},"sceneLighting":false,"audioPlay":false,"sceneViewState":{"showFog":true,"showMaterialUpdate":true,"showSkybox":false,"showFlares":true,"showImageEffects":true,"showParticleSystems":true},"in2DMode":false,"pivot":{"x":1.0269954204559327,"y":-0.7806394100189209,"z":0.13671588897705079},"rotation":{"x":0.09397080540657044,"y":-0.04687963426113129,"z":0.004429560154676437,"w":0.9944608211517334},"size":3.8122384548187258,"orthographic":false}