﻿{"cameraMode":{"drawMode":0,"name":"Shaded","section":"Shading Mode"},"sceneLighting":true,"audioPlay":false,"sceneViewState":{"showFog":true,"showMaterialUpdate":true,"showSkybox":true,"showFlares":true,"showImageEffects":true,"showParticleSystems":true},"in2DMode":false,"pivot":{"x":-3.3893818855285646,"y":5.153966903686523,"z":-7.820487976074219},"rotation":{"x":0.2676551938056946,"y":0.04131264612078667,"z":-0.011487826704978943,"w":0.9625601768493652},"size":10.222673416137696,"orthographic":false}